sut,evomaster,llm,manual
features,0.25,0.25,0.25
ncs,0.17142857142857143,0.014285714285714285,0.014285714285714285
scs,0.0847457627118644,0.11864406779661017,0.11864406779661017
